Name,Technique,Rule Type,Severity,Source,Guide
Access to a Sensitive LDAP Attribute,"T1003, T1078, T1078.002, T1552, T1552.004",EQL,Medium,[GitHub ↗](https://github.com/elastic/detection-rules/blob/main/rules/windows/credential_access_ldap_attributes.toml),[Guide](/solutions/security/detect-and-alert/prebuilt-rule-guides/credential-access-ldap-attributes.md)
Active Directory Forced Authentication from Linux Host - SMB Named Pipes,T1187,EQL,Medium,[GitHub ↗](https://github.com/elastic/detection-rules/blob/main/rules/cross-platform/credential_access_forced_authentication_pipes.toml),[Guide](/solutions/security/detect-and-alert/prebuilt-rule-guides/credential-access-forced-authentication-pipes.md)
Attempted Bypass of Okta MFA,T1111,Custom Query,High,[GitHub ↗](https://github.com/elastic/detection-rules/blob/main/rules/integrations/okta/credential_access_attempted_bypass_of_okta_mfa.toml),[Guide](/solutions/security/detect-and-alert/prebuilt-rule-guides/credential-access-attempted-bypass-of-okta-mfa.md)
Attempted Private Key Access,"T1552, T1552.004",EQL,Low,[GitHub ↗](https://github.com/elastic/detection-rules/blob/main/rules_building_block/credential_access_win_private_key_access.toml),
Attempts to Brute Force an Okta User Account,T1110,Threshold,Medium,[GitHub ↗](https://github.com/elastic/detection-rules/blob/main/rules/integrations/okta/credential_access_attempts_to_brute_force_okta_user_account.toml),[Guide](/solutions/security/detect-and-alert/prebuilt-rule-guides/credential-access-attempts-to-brute-force-okta-user-account.md)
Authentication via Unusual PAM Grantor,"T1543, T1556",New Terms,Medium,[GitHub ↗](https://github.com/elastic/detection-rules/blob/main/rules/linux/persistence_unusual_pam_grantor.toml),[Guide](/solutions/security/detect-and-alert/prebuilt-rule-guides/persistence-unusual-pam-grantor.md)
AWS Credentials Searched For Inside A Container,"T1552, T1552.001",EQL,High,[GitHub ↗](https://github.com/elastic/detection-rules/blob/main/rules/linux/credential_access_aws_creds_search_inside_container.toml),[Guide](/solutions/security/detect-and-alert/prebuilt-rule-guides/credential-access-aws-creds-search-inside-container.md)
AWS EC2 Instance Console Login via Assumed Role,"T1021, T1021.007, T1078, T1078.004, T1550, T1550.001, T1552, T1552.005",EQL,High,[GitHub ↗](https://github.com/elastic/detection-rules/blob/main/rules/integrations/aws/lateral_movement_ec2_instance_console_login.toml),[Guide](/solutions/security/detect-and-alert/prebuilt-rule-guides/lateral-movement-ec2-instance-console-login.md)
AWS EC2 Unauthorized Admin Credential Fetch via Assumed Role,"T1552, T1552.005",New Terms,Medium,[GitHub ↗](https://github.com/elastic/detection-rules/blob/main/rules/integrations/aws/credential_access_aws_getpassword_for_ec2_instance.toml),[Guide](/solutions/security/detect-and-alert/prebuilt-rule-guides/credential-access-aws-getpassword-for-ec2-instance.md)
AWS EC2 User Data Retrieval for EC2 Instance,"T1552, T1552.005, T1580",New Terms,Medium,[GitHub ↗](https://github.com/elastic/detection-rules/blob/main/rules/integrations/aws/discovery_ec2_userdata_request_for_ec2_instance.toml),[Guide](/solutions/security/detect-and-alert/prebuilt-rule-guides/discovery-ec2-userdata-request-for-ec2-instance.md)
AWS IAM CompromisedKeyQuarantine Policy Attached to User,T1552,EQL,High,[GitHub ↗](https://github.com/elastic/detection-rules/blob/main/rules/integrations/aws/credential_access_iam_compromisedkeyquarantine_policy_attached_to_user.toml),[Guide](/solutions/security/detect-and-alert/prebuilt-rule-guides/credential-access-iam-compromisedkeyquarantine-policy-attached-to-user.md)
AWS IAM Principal Enumeration via UpdateAssumeRolePolicy,"T1087, T1087.004, T1110",Threshold,Medium,[GitHub ↗](https://github.com/elastic/detection-rules/blob/main/rules/integrations/aws/discovery_iam_principal_enumeration_via_update_assume_role_policy.toml),[Guide](/solutions/security/detect-and-alert/prebuilt-rule-guides/discovery-iam-principal-enumeration-via-update-assume-role-policy.md)
AWS IAM User Addition to Group,T1098,Custom Query,Low,[GitHub ↗](https://github.com/elastic/detection-rules/blob/main/rules/integrations/aws/credential_access_iam_user_addition_to_group.toml),[Guide](/solutions/security/detect-and-alert/prebuilt-rule-guides/credential-access-iam-user-addition-to-group.md)
AWS Management Console Brute Force of Root User Identity,T1110,Threshold,High,[GitHub ↗](https://github.com/elastic/detection-rules/blob/main/rules/integrations/aws/credential_access_root_console_failure_brute_force.toml),[Guide](/solutions/security/detect-and-alert/prebuilt-rule-guides/credential-access-root-console-failure-brute-force.md)
AWS Secrets Manager Rapid Secrets Retrieval,"T1555, T1555.006",Threshold,Medium,[GitHub ↗](https://github.com/elastic/detection-rules/blob/main/rules/integrations/aws/credential_access_rapid_secret_retrieval_attempts_from_secretsmanager.toml),[Guide](/solutions/security/detect-and-alert/prebuilt-rule-guides/credential-access-rapid-secret-retrieval-attempts-from-secretsmanager.md)
AWS Systems Manager SecureString Parameter Request with Decryption Flag,"T1555, T1555.006",New Terms,Medium,[GitHub ↗](https://github.com/elastic/detection-rules/blob/main/rules/integrations/aws/credential_access_retrieve_secure_string_parameters_via_ssm.toml),[Guide](/solutions/security/detect-and-alert/prebuilt-rule-guides/credential-access-retrieve-secure-string-parameters-via-ssm.md)
Azure Event Hub Authorization Rule Created or Updated,"T1098, T1552, T1552.005",Custom Query,Medium,[GitHub ↗](https://github.com/elastic/detection-rules/blob/main/rules/integrations/azure/persistence_event_hub_created_or_updated.toml),[Guide](/solutions/security/detect-and-alert/prebuilt-rule-guides/persistence-event-hub-created-or-updated.md)
Azure Key Vault Excessive Secret or Key Retrieved,"T1555, T1555.006",ES|QL,Medium,[GitHub ↗](https://github.com/elastic/detection-rules/blob/main/rules/integrations/azure/credential_access_key_vault_excessive_retrieval.toml),[Guide](/solutions/security/detect-and-alert/prebuilt-rule-guides/credential-access-key-vault-excessive-retrieval.md)
Azure Key Vault Unusual Secret Key Usage,"T1555, T1555.006",New Terms,Medium,[GitHub ↗](https://github.com/elastic/detection-rules/blob/main/rules/integrations/azure/credential_access_key_vault_retrieval_from_rare_identity.toml),[Guide](/solutions/security/detect-and-alert/prebuilt-rule-guides/credential-access-key-vault-retrieval-from-rare-identity.md)
Azure Storage Account Key Regenerated,"T1098, T1098.001, T1552, T1552.005",Custom Query,Low,[GitHub ↗](https://github.com/elastic/detection-rules/blob/main/rules/integrations/azure/credential_access_storage_account_key_regenerated.toml),[Guide](/solutions/security/detect-and-alert/prebuilt-rule-guides/credential-access-storage-account-key-regenerated.md)
Azure Storage Account Keys Accessed by Privileged User,"T1078, T1078.004, T1555, T1555.006",New Terms,Medium,[GitHub ↗](https://github.com/elastic/detection-rules/blob/main/rules/integrations/azure/credential_access_azure_storage_account_keys_accessed.toml),[Guide](/solutions/security/detect-and-alert/prebuilt-rule-guides/credential-access-azure-storage-account-keys-accessed.md)
Azure VNet Full Network Packet Capture Enabled,T1040,Custom Query,Medium,[GitHub ↗](https://github.com/elastic/detection-rules/blob/main/rules/integrations/azure/credential_access_network_full_network_packet_capture_detected.toml),[Guide](/solutions/security/detect-and-alert/prebuilt-rule-guides/credential-access-network-full-network-packet-capture-detected.md)
Browser Process Spawned from an Unusual Parent,"T1555, T1555.003",EQL,High,[GitHub ↗](https://github.com/elastic/detection-rules/blob/main/rules/windows/credential_access_browsers_unusual_parent.toml),[Guide](/solutions/security/detect-and-alert/prebuilt-rule-guides/credential-access-browsers-unusual-parent.md)
Cloud Credential Search Detected via Defend for Containers,"T1552, T1552.001",EQL,Medium,[GitHub ↗](https://github.com/elastic/detection-rules/blob/main/rules/integrations/cloud_defend/credential_access_cloud_creds_search_inside_a_container.toml),
Command Shell Activity Started via RunDLL32,"T1059, T1059.001, T1059.003, T1218, T1218.011, T1552",EQL,Low,[GitHub ↗](https://github.com/elastic/detection-rules/blob/main/rules/windows/execution_command_shell_via_rundll32.toml),[Guide](/solutions/security/detect-and-alert/prebuilt-rule-guides/execution-command-shell-via-rundll32.md)
Creation of a DNS-Named Record,T1557,EQL,Low,[GitHub ↗](https://github.com/elastic/detection-rules/blob/main/rules/windows/credential_access_dnsnode_creation.toml),[Guide](/solutions/security/detect-and-alert/prebuilt-rule-guides/credential-access-dnsnode-creation.md)
Creation or Modification of Domain Backup DPAPI private key,"T1552, T1552.004, T1555",EQL,High,[GitHub ↗](https://github.com/elastic/detection-rules/blob/main/rules/windows/credential_access_domain_backup_dpapi_private_keys.toml),[Guide](/solutions/security/detect-and-alert/prebuilt-rule-guides/credential-access-domain-backup-dpapi-private-keys.md)
Credential Access via TruffleHog Execution,"T1003, T1555",EQL,Medium,[GitHub ↗](https://github.com/elastic/detection-rules/blob/main/rules/cross-platform/credential_access_trufflehog_execution.toml),[Guide](/solutions/security/detect-and-alert/prebuilt-rule-guides/credential-access-trufflehog-execution.md)
Credential Acquisition via Registry Hive Dumping,"T1003, T1003.002, T1003.004",EQL,High,[GitHub ↗](https://github.com/elastic/detection-rules/blob/main/rules/windows/credential_access_dump_registry_hives.toml),[Guide](/solutions/security/detect-and-alert/prebuilt-rule-guides/credential-access-dump-registry-hives.md)
Credential Dumping - Detected - Elastic Endgame,"T1003, T1003.001",Custom Query,High,[GitHub ↗](https://github.com/elastic/detection-rules/blob/main/rules/promotions/credential_access_endgame_cred_dumping_detected.toml),[Guide](/solutions/security/detect-and-alert/prebuilt-rule-guides/credential-access-endgame-cred-dumping-detected.md)
Credential Dumping - Prevented - Elastic Endgame,"T1003, T1003.001",Custom Query,Medium,[GitHub ↗](https://github.com/elastic/detection-rules/blob/main/rules/promotions/credential_access_endgame_cred_dumping_prevented.toml),[Guide](/solutions/security/detect-and-alert/prebuilt-rule-guides/credential-access-endgame-cred-dumping-prevented.md)
DNS Global Query Block List Modified or Disabled,"T1557, T1562, T1562.001",EQL,Medium,[GitHub ↗](https://github.com/elastic/detection-rules/blob/main/rules/windows/defense_evasion_reg_disable_enableglobalqueryblocklist.toml),[Guide](/solutions/security/detect-and-alert/prebuilt-rule-guides/defense-evasion-reg-disable-enableglobalqueryblocklist.md)
Dumping Account Hashes via Built-In Commands,T1003,EQL,High,[GitHub ↗](https://github.com/elastic/detection-rules/blob/main/rules/macos/credential_access_dumping_hashes_bi_cmds.toml),[Guide](/solutions/security/detect-and-alert/prebuilt-rule-guides/credential-access-dumping-hashes-bi-cmds.md)
Dumping of Keychain Content via Security Command,"T1555, T1555.001",EQL,High,[GitHub ↗](https://github.com/elastic/detection-rules/blob/main/rules/macos/credential_access_dumping_keychain_security.toml),[Guide](/solutions/security/detect-and-alert/prebuilt-rule-guides/credential-access-dumping-keychain-security.md)
Entra ID Concurrent Sign-in with Suspicious Properties,"T1528, T1566, T1566.002",ES|QL,High,[GitHub ↗](https://github.com/elastic/detection-rules/blob/main/rules/integrations/azure/credential_access_entra_id_suspicious_signin.toml),[Guide](/solutions/security/detect-and-alert/prebuilt-rule-guides/credential-access-entra-id-suspicious-signin.md)
Entra ID Excessive Account Lockouts Detected,"T1110, T1110.001, T1110.003, T1110.004",Threshold,High,[GitHub ↗](https://github.com/elastic/detection-rules/blob/main/rules/integrations/azure/credential_access_entra_id_excessive_account_lockouts.toml),[Guide](/solutions/security/detect-and-alert/prebuilt-rule-guides/credential-access-entra-id-excessive-account-lockouts.md)
Entra ID Illicit Consent Grant via Registered Application,"T1528, T1566, T1566.002",New Terms,Medium,[GitHub ↗](https://github.com/elastic/detection-rules/blob/main/rules/integrations/azure/initial_access_entra_id_illicit_consent_grant_via_registered_application.toml),[Guide](/solutions/security/detect-and-alert/prebuilt-rule-guides/initial-access-entra-id-illicit-consent-grant-via-registered-application.md)
Entra ID MFA TOTP Brute Force Attempted,"T1110, T1110.001",ES|QL,Medium,[GitHub ↗](https://github.com/elastic/detection-rules/blob/main/rules/integrations/azure/credential_access_entra_id_totp_brute_force_attempts.toml),[Guide](/solutions/security/detect-and-alert/prebuilt-rule-guides/credential-access-entra-id-totp-brute-force-attempts.md)
"Entra ID OAuth Authorization Code Grant for Unusual User, App, and Resource","T1078, T1078.004, T1528, T1566, T1566.002",New Terms,Medium,[GitHub ↗](https://github.com/elastic/detection-rules/blob/main/rules/integrations/azure/initial_access_entra_id_oauth_auth_code_grant_unusual_app_resource_user.toml),[Guide](/solutions/security/detect-and-alert/prebuilt-rule-guides/initial-access-entra-id-oauth-auth-code-grant-unusual-app-resource-user.md)
Entra ID OAuth Device Code Flow with Concurrent Sign-ins,"T1528, T1566, T1566.002",ES|QL,High,[GitHub ↗](https://github.com/elastic/detection-rules/blob/main/rules/integrations/azure/credential_access_azure_entra_susp_device_code_signin.toml),[Guide](/solutions/security/detect-and-alert/prebuilt-rule-guides/credential-access-azure-entra-susp-device-code-signin.md)
Entra ID OAuth Flow by Microsoft Authentication Broker to Device Registration Service (DRS),"T1078, T1078.004, T1528, T1566, T1566.002",ES|QL,High,[GitHub ↗](https://github.com/elastic/detection-rules/blob/main/rules/integrations/azure/initial_access_entra_id_suspicious_oauth_flow_via_auth_broker_to_drs.toml),[Guide](/solutions/security/detect-and-alert/prebuilt-rule-guides/initial-access-entra-id-suspicious-oauth-flow-via-auth-broker-to-drs.md)
Entra ID OAuth Phishing via First-Party Microsoft Application,"T1078, T1078.004, T1528, T1566, T1566.002",Custom Query,Medium,[GitHub ↗](https://github.com/elastic/detection-rules/blob/main/rules/integrations/azure/initial_access_entra_id_oauth_phishing_via_first_party_microsoft_application.toml),[Guide](/solutions/security/detect-and-alert/prebuilt-rule-guides/initial-access-entra-id-oauth-phishing-via-first-party-microsoft-application.md)
Entra ID OAuth PRT Issuance to Non-Managed Device Detected,"T1078, T1078.004, T1098, T1098.005, T1528",EQL,Medium,[GitHub ↗](https://github.com/elastic/detection-rules/blob/main/rules/integrations/azure/persistence_entra_id_rt_to_prt_transition_from_user_device.toml),[Guide](/solutions/security/detect-and-alert/prebuilt-rule-guides/persistence-entra-id-rt-to-prt-transition-from-user-device.md)
Entra ID Protection - Risk Detection - Sign-in Risk,"T1071, T1078, T1078.004, T1110, T1110.003, T1556",Custom Query,High,[GitHub ↗](https://github.com/elastic/detection-rules/blob/main/rules/integrations/azure/initial_access_entra_id_protection_sign_in_risk_detected.toml),[Guide](/solutions/security/detect-and-alert/prebuilt-rule-guides/initial-access-entra-id-protection-sign-in-risk-detected.md)
Entra ID Protection - Risk Detection - User Risk,"T1071, T1078, T1078.004, T1110, T1110.003, T1556",Custom Query,High,[GitHub ↗](https://github.com/elastic/detection-rules/blob/main/rules/integrations/azure/initial_access_entra_id_protection_user_risk_detected.toml),[Guide](/solutions/security/detect-and-alert/prebuilt-rule-guides/initial-access-entra-id-protection-user-risk-detected.md)
Entra ID Sign-in Brute Force Attempted (Microsoft 365),"T1110, T1110.001, T1110.003, T1110.004",ES|QL,Medium,[GitHub ↗](https://github.com/elastic/detection-rules/blob/main/rules/integrations/azure/credential_access_entra_id_signin_brute_force_microsoft_365.toml),[Guide](/solutions/security/detect-and-alert/prebuilt-rule-guides/credential-access-entra-id-signin-brute-force-microsoft-365.md)
Entra ID Sign-in TeamFiltration User-Agent Detected,"T1069, T1069.003, T1082, T1087, T1087.004, T1110, T1110.003, T1201, T1526, T1580, T1673",Custom Query,Medium,[GitHub ↗](https://github.com/elastic/detection-rules/blob/main/rules/integrations/azure/discovery_entra_id_teamfiltration_user_agents_detected.toml),[Guide](/solutions/security/detect-and-alert/prebuilt-rule-guides/discovery-entra-id-teamfiltration-user-agents-detected.md)
Entra ID User Added as Registered Application Owner,"T1098, T1528",Custom Query,Low,[GitHub ↗](https://github.com/elastic/detection-rules/blob/main/rules/integrations/azure/persistence_entra_id_user_added_as_owner_for_azure_application.toml),[Guide](/solutions/security/detect-and-alert/prebuilt-rule-guides/persistence-entra-id-user-added-as-owner-for-azure-application.md)
Entra ID User Sign-in Brute Force Attempted,"T1110, T1110.001, T1110.003, T1110.004",ES|QL,Medium,[GitHub ↗](https://github.com/elastic/detection-rules/blob/main/rules/integrations/azure/credential_access_entra_id_brute_force_activity.toml),[Guide](/solutions/security/detect-and-alert/prebuilt-rule-guides/credential-access-entra-id-brute-force-activity.md)
Entra ID User Sign-in with Unusual Authentication Type,"T1078, T1078.004, T1110, T1110.003, T1550",New Terms,Medium,[GitHub ↗](https://github.com/elastic/detection-rules/blob/main/rules/integrations/azure/initial_access_entra_id_rare_authentication_requirement_for_principal_user.toml),[Guide](/solutions/security/detect-and-alert/prebuilt-rule-guides/initial-access-entra-id-rare-authentication-requirement-for-principal-user.md)
Entra ID User Sign-in with Unusual Client,"T1078, T1078.004, T1528",New Terms,Medium,[GitHub ↗](https://github.com/elastic/detection-rules/blob/main/rules/integrations/azure/initial_access_entra_id_rare_app_id_for_principal_auth.toml),[Guide](/solutions/security/detect-and-alert/prebuilt-rule-guides/initial-access-entra-id-rare-app-id-for-principal-auth.md)
First Time Seen AWS Secret Value Accessed in Secrets Manager,"T1555, T1555.006",New Terms,Medium,[GitHub ↗](https://github.com/elastic/detection-rules/blob/main/rules/integrations/aws/credential_access_new_terms_secretsmanager_getsecretvalue.toml),[Guide](/solutions/security/detect-and-alert/prebuilt-rule-guides/credential-access-new-terms-secretsmanager-getsecretvalue.md)
FirstTime Seen Account Performing DCSync,"T1003, T1003.006, T1078, T1078.002",New Terms,High,[GitHub ↗](https://github.com/elastic/detection-rules/blob/main/rules/windows/credential_access_dcsync_newterm_subjectuser.toml),[Guide](/solutions/security/detect-and-alert/prebuilt-rule-guides/credential-access-dcsync-newterm-subjectuser.md)
Full User-Mode Dumps Enabled System-Wide,"T1003, T1003.001, T1112",EQL,Medium,[GitHub ↗](https://github.com/elastic/detection-rules/blob/main/rules/windows/credential_access_generic_localdumps.toml),[Guide](/solutions/security/detect-and-alert/prebuilt-rule-guides/credential-access-generic-localdumps.md)
GenAI Process Accessing Sensitive Files,"T1005, T1555",EQL,High,[GitHub ↗](https://github.com/elastic/detection-rules/blob/main/rules/cross-platform/credential_access_genai_process_sensitive_file_access.toml),[Guide](/solutions/security/detect-and-alert/prebuilt-rule-guides/credential-access-genai-process-sensitive-file-access.md)
GitHub Authentication Token Access via Node.js,"T1528, T1552, T1613",EQL,Medium,[GitHub ↗](https://github.com/elastic/detection-rules/blob/main/rules/linux/credential_access_gh_auth_via_nodejs.toml),
Google Workspace Drive Encryption Key(s) Accessed from Anonymous User,"T1552, T1552.004",EQL,High,[GitHub ↗](https://github.com/elastic/detection-rules/blob/main/rules/integrations/google_workspace/credential_access_google_workspace_drive_encryption_key_accessed_by_anonymous_user.toml),[Guide](/solutions/security/detect-and-alert/prebuilt-rule-guides/credential-access-google-workspace-drive-encryption-key-accessed-by-anonymous-user.md)
Kerberos Cached Credentials Dumping,"T1003, T1558, T1558.003",EQL,High,[GitHub ↗](https://github.com/elastic/detection-rules/blob/main/rules/macos/credential_access_kerberosdump_kcc.toml),[Guide](/solutions/security/detect-and-alert/prebuilt-rule-guides/credential-access-kerberosdump-kcc.md)
Kerberos Pre-authentication Disabled for User,"T1078, T1078.002, T1558, T1558.004, T1562",EQL,Medium,[GitHub ↗](https://github.com/elastic/detection-rules/blob/main/rules/windows/credential_access_disable_kerberos_preauth.toml),[Guide](/solutions/security/detect-and-alert/prebuilt-rule-guides/credential-access-disable-kerberos-preauth.md)
Kerberos Traffic from Unusual Process,T1558,EQL,Medium,[GitHub ↗](https://github.com/elastic/detection-rules/blob/main/rules/windows/credential_access_kerberoasting_unusual_process.toml),[Guide](/solutions/security/detect-and-alert/prebuilt-rule-guides/credential-access-kerberoasting-unusual-process.md)
Keychain CommandLine Interaction via Unsigned or Untrusted Process,"T1555, T1555.001",EQL,High,[GitHub ↗](https://github.com/elastic/detection-rules/blob/main/rules/macos/credential_access_credentials_keychains.toml),[Guide](/solutions/security/detect-and-alert/prebuilt-rule-guides/credential-access-credentials-keychains.md)
Keychain Password Retrieval via Command Line,"T1555, T1555.001, T1555.003",EQL,High,[GitHub ↗](https://github.com/elastic/detection-rules/blob/main/rules/macos/credential_access_keychain_pwd_retrieval_security_cmd.toml),[Guide](/solutions/security/detect-and-alert/prebuilt-rule-guides/credential-access-keychain-pwd-retrieval-security-cmd.md)
Kirbi File Creation,"T1003, T1558",EQL,High,[GitHub ↗](https://github.com/elastic/detection-rules/blob/main/rules/windows/credential_access_kirbi_file.toml),[Guide](/solutions/security/detect-and-alert/prebuilt-rule-guides/credential-access-kirbi-file.md)
KRBTGT Delegation Backdoor,"T1098, T1558",EQL,High,[GitHub ↗](https://github.com/elastic/detection-rules/blob/main/rules/windows/persistence_msds_alloweddelegateto_krbtgt.toml),[Guide](/solutions/security/detect-and-alert/prebuilt-rule-guides/persistence-msds-alloweddelegateto-krbtgt.md)
Kubernetes Service Account Secret Access,"T1528, T1552, T1613",EQL,Medium,[GitHub ↗](https://github.com/elastic/detection-rules/blob/main/rules/linux/credential_access_kubernetes_service_account_secret_access.toml),[Guide](/solutions/security/detect-and-alert/prebuilt-rule-guides/credential-access-kubernetes-service-account-secret-access.md)
Linux init (PID 1) Secret Dump via GDB,"T1003, T1003.007",EQL,High,[GitHub ↗](https://github.com/elastic/detection-rules/blob/main/rules/linux/credential_access_gdb_init_process_hooking.toml),[Guide](/solutions/security/detect-and-alert/prebuilt-rule-guides/credential-access-gdb-init-process-hooking.md)
Linux Process Hooking via GDB,"T1003, T1003.007",EQL,Low,[GitHub ↗](https://github.com/elastic/detection-rules/blob/main/rules/linux/credential_access_gdb_process_hooking.toml),[Guide](/solutions/security/detect-and-alert/prebuilt-rule-guides/credential-access-gdb-process-hooking.md)
LSASS Memory Dump Creation,"T1003, T1003.001",EQL,High,[GitHub ↗](https://github.com/elastic/detection-rules/blob/main/rules/windows/credential_access_lsass_memdump_file_created.toml),[Guide](/solutions/security/detect-and-alert/prebuilt-rule-guides/credential-access-lsass-memdump-file-created.md)
LSASS Memory Dump Handle Access,"T1003, T1003.001",New Terms,Medium,[GitHub ↗](https://github.com/elastic/detection-rules/blob/main/rules/windows/credential_access_lsass_memdump_handle_access.toml),[Guide](/solutions/security/detect-and-alert/prebuilt-rule-guides/credential-access-lsass-memdump-handle-access.md)
LSASS Process Access via Windows API,"T1003, T1003.001, T1106",ES|QL,Medium,[GitHub ↗](https://github.com/elastic/detection-rules/blob/main/rules/windows/credential_access_lsass_openprocess_api.toml),[Guide](/solutions/security/detect-and-alert/prebuilt-rule-guides/credential-access-lsass-openprocess-api.md)
M365 Entra ID Risk Detection Signal,"T1078, T1078.004, T1110",Custom Query,Low,[GitHub ↗](https://github.com/elastic/detection-rules/blob/main/rules_building_block/credential_access_entra_id_risk_detection_signal.toml),
M365 Identity OAuth Flow by First-Party Microsoft App from Multiple IPs,"T1528, T1550, T1550.001, T1566, T1566.002",ES|QL,High,[GitHub ↗](https://github.com/elastic/detection-rules/blob/main/rules/integrations/o365/defense_evasion_entra_id_susp_oauth2_authorization.toml),[Guide](/solutions/security/detect-and-alert/prebuilt-rule-guides/defense-evasion-entra-id-susp-oauth2-authorization.md)
M365 Identity OAuth Flow by User Sign-in to Device Registration,"T1098, T1098.005, T1528, T1566, T1566.002",EQL,High,[GitHub ↗](https://github.com/elastic/detection-rules/blob/main/rules/integrations/o365/credential_access_entra_id_device_reg_via_oauth_redirection.toml),[Guide](/solutions/security/detect-and-alert/prebuilt-rule-guides/credential-access-entra-id-device-reg-via-oauth-redirection.md)
M365 Identity OAuth Illicit Consent Grant by Rare Client and User,"T1528, T1566, T1566.002",New Terms,Medium,[GitHub ↗](https://github.com/elastic/detection-rules/blob/main/rules/integrations/o365/initial_access_identity_illicit_consent_grant_via_registered_application.toml),[Guide](/solutions/security/detect-and-alert/prebuilt-rule-guides/initial-access-identity-illicit-consent-grant-via-registered-application.md)
M365 Identity User Account Lockouts,"T1110, T1110.001, T1110.003, T1110.004",ES|QL,Medium,[GitHub ↗](https://github.com/elastic/detection-rules/blob/main/rules/integrations/o365/credential_access_identity_user_account_lockouts.toml),[Guide](/solutions/security/detect-and-alert/prebuilt-rule-guides/credential-access-identity-user-account-lockouts.md)
M365 Identity User Brute Force Attempted,"T1110, T1110.001, T1110.003, T1110.004",ES|QL,Medium,[GitHub ↗](https://github.com/elastic/detection-rules/blob/main/rules/integrations/o365/credential_access_entra_id_potential_user_account_brute_force.toml),[Guide](/solutions/security/detect-and-alert/prebuilt-rule-guides/credential-access-entra-id-potential-user-account-brute-force.md)
M365 Purview Security Compliance Signal,,Custom Query,Low,[GitHub ↗](https://github.com/elastic/detection-rules/blob/main/rules_building_block/initial_access_microsoft_purview_security_compliance_signal.toml),
Manual Loading of a Suspicious Chromium Extension,"T1176, T1539",EQL,High,[GitHub ↗](https://github.com/elastic/detection-rules/blob/main/rules/macos/persistence_manual_chromium_extension_loading.toml),[Guide](/solutions/security/detect-and-alert/prebuilt-rule-guides/persistence-manual-chromium-extension-loading.md)
Manual Memory Dumping via Proc Filesystem,"T1003, T1003.007, T1212",EQL,High,[GitHub ↗](https://github.com/elastic/detection-rules/blob/main/rules/linux/credential_access_manual_memory_dumping.toml),[Guide](/solutions/security/detect-and-alert/prebuilt-rule-guides/credential-access-manual-memory-dumping.md)
Memory Dump File with Unusual Extension,"T1003, T1003.001, T1036, T1036.008",EQL,Low,[GitHub ↗](https://github.com/elastic/detection-rules/blob/main/rules_building_block/credential_access_mdmp_file_unusual_extension.toml),
Microsoft Graph Request User Impersonation by Unusual Client,"T1078, T1078.004, T1528",New Terms,Low,[GitHub ↗](https://github.com/elastic/detection-rules/blob/main/rules/integrations/azure/initial_access_graph_first_occurrence_of_client_request.toml),[Guide](/solutions/security/detect-and-alert/prebuilt-rule-guides/initial-access-graph-first-occurrence-of-client-request.md)
Microsoft IIS Connection Strings Decryption,T1003,EQL,High,[GitHub ↗](https://github.com/elastic/detection-rules/blob/main/rules/windows/credential_access_iis_connectionstrings_dumping.toml),[Guide](/solutions/security/detect-and-alert/prebuilt-rule-guides/credential-access-iis-connectionstrings-dumping.md)
Microsoft IIS Service Account Password Dumped,T1003,EQL,Low,[GitHub ↗](https://github.com/elastic/detection-rules/blob/main/rules_building_block/credential_access_iis_apppoolsa_pwd_appcmd.toml),
Mimikatz Memssp Log File Detected,T1003,EQL,High,[GitHub ↗](https://github.com/elastic/detection-rules/blob/main/rules/windows/credential_access_mimikatz_memssp_default_logs.toml),[Guide](/solutions/security/detect-and-alert/prebuilt-rule-guides/credential-access-mimikatz-memssp-default-logs.md)
Modification of WDigest Security Provider,"T1003, T1003.001",EQL,High,[GitHub ↗](https://github.com/elastic/detection-rules/blob/main/rules/windows/credential_access_mod_wdigest_security_provider.toml),[Guide](/solutions/security/detect-and-alert/prebuilt-rule-guides/credential-access-mod-wdigest-security-provider.md)
Multiple Cloud Secrets Accessed by Source Address,"T1555, T1555.006",ES|QL,High,[GitHub ↗](https://github.com/elastic/detection-rules/blob/main/rules/cross-platform/credential_access_multi_could_secrets_via_api.toml),[Guide](/solutions/security/detect-and-alert/prebuilt-rule-guides/credential-access-multi-could-secrets-via-api.md)
Multiple Device Token Hashes for Single Okta Session,T1539,ES|QL,Medium,[GitHub ↗](https://github.com/elastic/detection-rules/blob/main/rules/integrations/okta/credential_access_multiple_device_token_hashes_for_single_okta_session.toml),[Guide](/solutions/security/detect-and-alert/prebuilt-rule-guides/credential-access-multiple-device-token-hashes-for-single-okta-session.md)
Multiple Logon Failure Followed by Logon Success,"T1110, T1110.001, T1110.003",EQL,Medium,[GitHub ↗](https://github.com/elastic/detection-rules/blob/main/rules/windows/credential_access_bruteforce_multiple_logon_failure_followed_by_success.toml),[Guide](/solutions/security/detect-and-alert/prebuilt-rule-guides/credential-access-bruteforce-multiple-logon-failure-followed-by-success.md)
Multiple Logon Failure from the same Source Address,"T1110, T1110.001, T1110.003",ES|QL,Medium,[GitHub ↗](https://github.com/elastic/detection-rules/blob/main/rules/windows/credential_access_bruteforce_multiple_logon_failure_same_srcip.toml),[Guide](/solutions/security/detect-and-alert/prebuilt-rule-guides/credential-access-bruteforce-multiple-logon-failure-same-srcip.md)
Multiple Okta User Auth Events with Same Device Token Hash Behind a Proxy,"T1110, T1110.003, T1110.004",Threshold,Medium,[GitHub ↗](https://github.com/elastic/detection-rules/blob/main/rules/integrations/okta/credential_access_multiple_auth_events_from_single_device_behind_proxy.toml),[Guide](/solutions/security/detect-and-alert/prebuilt-rule-guides/credential-access-multiple-auth-events-from-single-device-behind-proxy.md)
Multiple Okta User Authentication Events with Same Device Token Hash,"T1110, T1110.003, T1110.004",ES|QL,Low,[GitHub ↗](https://github.com/elastic/detection-rules/blob/main/rules/integrations/okta/credential_access_okta_authentication_for_multiple_users_with_the_same_device_token_hash.toml),[Guide](/solutions/security/detect-and-alert/prebuilt-rule-guides/credential-access-okta-authentication-for-multiple-users-with-the-same-device-token-hash.md)
Multiple Vault Web Credentials Read,"T1003, T1555, T1555.004",EQL,Medium,[GitHub ↗](https://github.com/elastic/detection-rules/blob/main/rules/windows/credential_access_saved_creds_vault_winlog.toml),[Guide](/solutions/security/detect-and-alert/prebuilt-rule-guides/credential-access-saved-creds-vault-winlog.md)
Network Logon Provider Registry Modification,"T1543, T1556",EQL,Medium,[GitHub ↗](https://github.com/elastic/detection-rules/blob/main/rules/windows/credential_access_persistence_network_logon_provider_modification.toml),[Guide](/solutions/security/detect-and-alert/prebuilt-rule-guides/credential-access-persistence-network-logon-provider-modification.md)
New GitHub Personal Access Token (PAT) Added,"T1136, T1136.003, T1528",EQL,Low,[GitHub ↗](https://github.com/elastic/detection-rules/blob/main/rules/integrations/github/persistence_new_pat_created.toml),[Guide](/solutions/security/detect-and-alert/prebuilt-rule-guides/persistence-new-pat-created.md)
NTDS Dump via Wbadmin,"T1003, T1003.002, T1003.003, T1006",EQL,Medium,[GitHub ↗](https://github.com/elastic/detection-rules/blob/main/rules/windows/credential_access_wbadmin_ntds.toml),[Guide](/solutions/security/detect-and-alert/prebuilt-rule-guides/credential-access-wbadmin-ntds.md)
NTDS or SAM Database File Copied,"T1003, T1003.002, T1003.003",EQL,High,[GitHub ↗](https://github.com/elastic/detection-rules/blob/main/rules/windows/credential_access_copy_ntds_sam_volshadowcp_cmdline.toml),[Guide](/solutions/security/detect-and-alert/prebuilt-rule-guides/credential-access-copy-ntds-sam-volshadowcp-cmdline.md)
Okta Admin Console Login Failure,"T1078, T1110",Custom Query,Low,[GitHub ↗](https://github.com/elastic/detection-rules/blob/main/rules_building_block/initial_access_okta_admin_console_login_failure.toml),[Guide](/solutions/security/detect-and-alert/prebuilt-rule-guides/initial-access-okta-admin-console-login-failure.md)
Okta AiTM Session Cookie Replay,"T1539, T1550, T1550.004",ES|QL,High,[GitHub ↗](https://github.com/elastic/detection-rules/blob/main/rules/integrations/okta/credential_access_okta_aitm_session_cookie_replay.toml),[Guide](/solutions/security/detect-and-alert/prebuilt-rule-guides/credential-access-okta-aitm-session-cookie-replay.md)
Okta Multiple OS Names Detected for a Single DT Hash,T1539,Threshold,High,[GitHub ↗](https://github.com/elastic/detection-rules/blob/main/rules/integrations/okta/credential_access_multiple_user_agent_os_authentication.toml),[Guide](/solutions/security/detect-and-alert/prebuilt-rule-guides/credential-access-multiple-user-agent-os-authentication.md)
Okta Successful Login After Credential Attack,"T1078, T1078.004, T1110, T1110.001, T1110.003, T1110.004",ES|QL,High,[GitHub ↗](https://github.com/elastic/detection-rules/blob/main/rules/integrations/okta/credential_access_okta_successful_login_after_credential_attack.toml),[Guide](/solutions/security/detect-and-alert/prebuilt-rule-guides/credential-access-okta-successful-login-after-credential-attack.md)
Okta User Session Impersonation,,Custom Query,High,[GitHub ↗](https://github.com/elastic/detection-rules/blob/main/rules/integrations/okta/credential_access_user_impersonation_access.toml),[Guide](/solutions/security/detect-and-alert/prebuilt-rule-guides/credential-access-user-impersonation-access.md)
Pluggable Authentication Module (PAM) Creation in Unusual Directory,"T1543, T1556",EQL,Low,[GitHub ↗](https://github.com/elastic/detection-rules/blob/main/rules/linux/persistence_pluggable_authentication_module_creation_in_unusual_dir.toml),[Guide](/solutions/security/detect-and-alert/prebuilt-rule-guides/persistence-pluggable-authentication-module-creation-in-unusual-dir.md)
Pluggable Authentication Module (PAM) Source Download,"T1543, T1556",EQL,Medium,[GitHub ↗](https://github.com/elastic/detection-rules/blob/main/rules/linux/persistence_pluggable_authentication_module_source_download.toml),[Guide](/solutions/security/detect-and-alert/prebuilt-rule-guides/persistence-pluggable-authentication-module-source-download.md)
Pluggable Authentication Module (PAM) Version Discovery,"T1082, T1543, T1556",EQL,Low,[GitHub ↗](https://github.com/elastic/detection-rules/blob/main/rules/linux/discovery_pam_version_discovery.toml),[Guide](/solutions/security/detect-and-alert/prebuilt-rule-guides/discovery-pam-version-discovery.md)
Pluggable Authentication Module or Configuration Creation,"T1543, T1556",EQL,Medium,[GitHub ↗](https://github.com/elastic/detection-rules/blob/main/rules/linux/persistence_pluggable_authentication_module_creation.toml),[Guide](/solutions/security/detect-and-alert/prebuilt-rule-guides/persistence-pluggable-authentication-module-creation.md)
Polkit Policy Creation,"T1543, T1556",EQL,Low,[GitHub ↗](https://github.com/elastic/detection-rules/blob/main/rules/linux/persistence_polkit_policy_creation.toml),[Guide](/solutions/security/detect-and-alert/prebuilt-rule-guides/persistence-polkit-policy-creation.md)
Potential Active Directory Replication Account Backdoor,"T1003, T1003.006",Custom Query,Medium,[GitHub ↗](https://github.com/elastic/detection-rules/blob/main/rules/windows/credential_access_dcsync_user_backdoor.toml),[Guide](/solutions/security/detect-and-alert/prebuilt-rule-guides/credential-access-dcsync-user-backdoor.md)
Potential ADIDNS Poisoning via Wildcard Record Creation,T1557,EQL,High,[GitHub ↗](https://github.com/elastic/detection-rules/blob/main/rules/windows/credential_access_adidns_wildcard.toml),[Guide](/solutions/security/detect-and-alert/prebuilt-rule-guides/credential-access-adidns-wildcard.md)
Potential Backdoor Execution Through PAM_EXEC,"T1543, T1556",EQL,Medium,[GitHub ↗](https://github.com/elastic/detection-rules/blob/main/rules/linux/persistence_pluggable_authentication_module_pam_exec_backdoor_exec.toml),[Guide](/solutions/security/detect-and-alert/prebuilt-rule-guides/persistence-pluggable-authentication-module-pam-exec-backdoor-exec.md)
Potential Computer Account NTLM Relay Activity,"T1187, T1557, T1557.001",EQL,Medium,[GitHub ↗](https://github.com/elastic/detection-rules/blob/main/rules/windows/credential_access_dollar_account_relay.toml),[Guide](/solutions/security/detect-and-alert/prebuilt-rule-guides/credential-access-dollar-account-relay.md)
Potential Cookies Theft via Browser Debugging,T1539,EQL,Medium,[GitHub ↗](https://github.com/elastic/detection-rules/blob/main/rules/cross-platform/credential_access_cookies_chromium_browsers_debugging.toml),[Guide](/solutions/security/detect-and-alert/prebuilt-rule-guides/credential-access-cookies-chromium-browsers-debugging.md)
Potential Credential Access via DCSync,"T1003, T1003.006, T1078, T1078.002",New Terms,Medium,[GitHub ↗](https://github.com/elastic/detection-rules/blob/main/rules/windows/credential_access_dcsync_replication_rights.toml),[Guide](/solutions/security/detect-and-alert/prebuilt-rule-guides/credential-access-dcsync-replication-rights.md)
Potential Credential Access via DuplicateHandle in LSASS,"T1003, T1003.001",EQL,Medium,[GitHub ↗](https://github.com/elastic/detection-rules/blob/main/rules/windows/credential_access_potential_lsa_memdump_via_mirrordump.toml),[Guide](/solutions/security/detect-and-alert/prebuilt-rule-guides/credential-access-potential-lsa-memdump-via-mirrordump.md)
Potential Credential Access via LSASS Memory Dump,"T1003, T1003.001, T1106",EQL,High,[GitHub ↗](https://github.com/elastic/detection-rules/blob/main/rules/windows/credential_access_suspicious_lsass_access_memdump.toml),[Guide](/solutions/security/detect-and-alert/prebuilt-rule-guides/credential-access-suspicious-lsass-access-memdump.md)
Potential Credential Access via Memory Dump File Creation,"T1003, T1003.001",EQL,Low,[GitHub ↗](https://github.com/elastic/detection-rules/blob/main/rules_building_block/credential_access_mdmp_file_creation.toml),
Potential Credential Access via Renamed COM+ Services DLL,"T1003, T1003.001, T1218, T1218.011",EQL,High,[GitHub ↗](https://github.com/elastic/detection-rules/blob/main/rules/windows/credential_access_suspicious_comsvcs_imageload.toml),[Guide](/solutions/security/detect-and-alert/prebuilt-rule-guides/credential-access-suspicious-comsvcs-imageload.md)
Potential Credential Access via Trusted Developer Utility,"T1003, T1003.002, T1127, T1127.001, T1555, T1555.004",EQL,High,[GitHub ↗](https://github.com/elastic/detection-rules/blob/main/rules/windows/credential_access_credential_dumping_msbuild.toml),[Guide](/solutions/security/detect-and-alert/prebuilt-rule-guides/credential-access-credential-dumping-msbuild.md)
Potential Credential Access via Windows Utilities,"T1003, T1003.001, T1003.003, T1218, T1218.011",EQL,High,[GitHub ↗](https://github.com/elastic/detection-rules/blob/main/rules/windows/credential_access_cmdline_dump_tool.toml),[Guide](/solutions/security/detect-and-alert/prebuilt-rule-guides/credential-access-cmdline-dump-tool.md)
Potential Execution via SSH Backdoor,"T1021, T1021.004, T1543, T1556, T1563, T1563.001",EQL,Medium,[GitHub ↗](https://github.com/elastic/detection-rules/blob/main/rules/linux/persistence_suspicious_ssh_execution_xzbackdoor.toml),[Guide](/solutions/security/detect-and-alert/prebuilt-rule-guides/persistence-suspicious-ssh-execution-xzbackdoor.md)
Potential External Linux SSH Brute Force Detected,"T1110, T1110.001, T1110.003",EQL,Low,[GitHub ↗](https://github.com/elastic/detection-rules/blob/main/rules/linux/credential_access_potential_linux_ssh_bruteforce_external.toml),[Guide](/solutions/security/detect-and-alert/prebuilt-rule-guides/credential-access-potential-linux-ssh-bruteforce-external.md)
Potential Impersonation Attempt via Kubectl,"T1078, T1528, T1550, T1550.001, T1552",EQL,Medium,[GitHub ↗](https://github.com/elastic/detection-rules/blob/main/rules/linux/defense_evasion_potential_kubectl_impersonation.toml),[Guide](/solutions/security/detect-and-alert/prebuilt-rule-guides/defense-evasion-potential-kubectl-impersonation.md)
Potential Internal Linux SSH Brute Force Detected,"T1110, T1110.001, T1110.003",EQL,Medium,[GitHub ↗](https://github.com/elastic/detection-rules/blob/main/rules/linux/credential_access_potential_linux_ssh_bruteforce_internal.toml),[Guide](/solutions/security/detect-and-alert/prebuilt-rule-guides/credential-access-potential-linux-ssh-bruteforce-internal.md)
Potential Invoke-Mimikatz PowerShell Script,"T1003, T1003.001",Custom Query,Critical,[GitHub ↗](https://github.com/elastic/detection-rules/blob/main/rules/windows/credential_access_mimikatz_powershell_module.toml),[Guide](/solutions/security/detect-and-alert/prebuilt-rule-guides/credential-access-mimikatz-powershell-module.md)
Potential Kerberos Attack via Bifrost,"T1550, T1550.003, T1558, T1558.003",EQL,High,[GitHub ↗](https://github.com/elastic/detection-rules/blob/main/rules/macos/lateral_movement_credential_access_kerberos_bifrostconsole.toml),[Guide](/solutions/security/detect-and-alert/prebuilt-rule-guides/lateral-movement-credential-access-kerberos-bifrostconsole.md)
Potential Kerberos Coercion via DNS-Based SPN Spoofing,"T1187, T1557, T1557.001",Custom Query,High,[GitHub ↗](https://github.com/elastic/detection-rules/blob/main/rules/windows/credential_access_kerberos_coerce.toml),[Guide](/solutions/security/detect-and-alert/prebuilt-rule-guides/credential-access-kerberos-coerce.md)
Potential Kerberos Relay Attack against a Computer Account,"T1187, T1557, T1557.001",EQL,High,[GitHub ↗](https://github.com/elastic/detection-rules/blob/main/rules/windows/credential_access_dollar_account_relay_kerberos.toml),[Guide](/solutions/security/detect-and-alert/prebuilt-rule-guides/credential-access-dollar-account-relay-kerberos.md)
Potential Kerberos SPN Spoofing via Suspicious DNS Query,"T1187, T1557, T1557.001",EQL,High,[GitHub ↗](https://github.com/elastic/detection-rules/blob/main/rules/windows/credential_access_kerberos_coerce_dns.toml),[Guide](/solutions/security/detect-and-alert/prebuilt-rule-guides/credential-access-kerberos-coerce-dns.md)
Potential Linux Credential Dumping via Proc Filesystem,"T1003, T1003.007, T1212",EQL,High,[GitHub ↗](https://github.com/elastic/detection-rules/blob/main/rules/linux/credential_access_proc_credential_dumping.toml),[Guide](/solutions/security/detect-and-alert/prebuilt-rule-guides/credential-access-proc-credential-dumping.md)
Potential Linux Credential Dumping via Unshadow,"T1003, T1003.008",EQL,High,[GitHub ↗](https://github.com/elastic/detection-rules/blob/main/rules/linux/credential_access_credential_dumping.toml),[Guide](/solutions/security/detect-and-alert/prebuilt-rule-guides/credential-access-credential-dumping.md)
Potential Linux Local Account Brute Force Detected,"T1110, T1110.001",ES|QL,Medium,[GitHub ↗](https://github.com/elastic/detection-rules/blob/main/rules/linux/credential_access_potential_linux_local_account_bruteforce.toml),[Guide](/solutions/security/detect-and-alert/prebuilt-rule-guides/credential-access-potential-linux-local-account-bruteforce.md)
Potential Local NTLM Relay via HTTP,"T1212, T1218, T1218.011",EQL,High,[GitHub ↗](https://github.com/elastic/detection-rules/blob/main/rules/windows/credential_access_relay_ntlm_auth_via_http_spoolss.toml),[Guide](/solutions/security/detect-and-alert/prebuilt-rule-guides/credential-access-relay-ntlm-auth-via-http-spoolss.md)
Potential LSASS Clone Creation via PssCaptureSnapShot,"T1003, T1003.001",EQL,High,[GitHub ↗](https://github.com/elastic/detection-rules/blob/main/rules/windows/credential_access_via_snapshot_lsass_clone_creation.toml),[Guide](/solutions/security/detect-and-alert/prebuilt-rule-guides/credential-access-via-snapshot-lsass-clone-creation.md)
Potential LSASS Memory Dump via PssCaptureSnapShot,"T1003, T1003.001",Threshold,High,[GitHub ↗](https://github.com/elastic/detection-rules/blob/main/rules/windows/credential_access_suspicious_lsass_access_via_snapshot.toml),[Guide](/solutions/security/detect-and-alert/prebuilt-rule-guides/credential-access-suspicious-lsass-access-via-snapshot.md)
Potential Machine Account Relay Attack via SMB,"T1187, T1557, T1557.001",EQL,High,[GitHub ↗](https://github.com/elastic/detection-rules/blob/main/rules/windows/credential_access_machine_account_smb_relay.toml),[Guide](/solutions/security/detect-and-alert/prebuilt-rule-guides/credential-access-machine-account-smb-relay.md)
Potential macOS SSH Brute Force Detected,T1110,Threshold,Medium,[GitHub ↗](https://github.com/elastic/detection-rules/blob/main/rules/macos/credential_access_potential_macos_ssh_bruteforce.toml),[Guide](/solutions/security/detect-and-alert/prebuilt-rule-guides/credential-access-potential-macos-ssh-bruteforce.md)
Potential NTLM Relay Attack against a Computer Account,"T1187, T1557, T1557.001",EQL,High,[GitHub ↗](https://github.com/elastic/detection-rules/blob/main/rules/windows/credential_access_dollar_account_relay_ntlm.toml),[Guide](/solutions/security/detect-and-alert/prebuilt-rule-guides/credential-access-dollar-account-relay-ntlm.md)
Potential Okta Brute Force (Device Token Rotation),T1110,ES|QL,Low,[GitHub ↗](https://github.com/elastic/detection-rules/blob/main/rules/integrations/okta/credential_access_okta_brute_force_device_token_rotation.toml),[Guide](/solutions/security/detect-and-alert/prebuilt-rule-guides/credential-access-okta-brute-force-device-token-rotation.md)
Potential Okta Brute Force (Multi-Source),"T1110, T1110.001",ES|QL,Medium,[GitHub ↗](https://github.com/elastic/detection-rules/blob/main/rules/integrations/okta/credential_access_okta_brute_force_multi_source.toml),[Guide](/solutions/security/detect-and-alert/prebuilt-rule-guides/credential-access-okta-brute-force-multi-source.md)
Potential Okta Credential Stuffing (Single Source),"T1110, T1110.004",ES|QL,Medium,[GitHub ↗](https://github.com/elastic/detection-rules/blob/main/rules/integrations/okta/credential_access_okta_credential_stuffing_single_source.toml),[Guide](/solutions/security/detect-and-alert/prebuilt-rule-guides/credential-access-okta-credential-stuffing-single-source.md)
Potential Okta MFA Bombing via Push Notifications,T1621,EQL,High,[GitHub ↗](https://github.com/elastic/detection-rules/blob/main/rules/integrations/okta/credential_access_okta_mfa_bombing_via_push_notifications.toml),[Guide](/solutions/security/detect-and-alert/prebuilt-rule-guides/credential-access-okta-mfa-bombing-via-push-notifications.md)
Potential Okta Password Spray (Multi-Source),"T1110, T1110.003",ES|QL,Medium,[GitHub ↗](https://github.com/elastic/detection-rules/blob/main/rules/integrations/okta/credential_access_okta_password_spray_multi_source.toml),[Guide](/solutions/security/detect-and-alert/prebuilt-rule-guides/credential-access-okta-password-spray-multi-source.md)
Potential Okta Password Spray (Single Source),"T1110, T1110.003",ES|QL,Medium,[GitHub ↗](https://github.com/elastic/detection-rules/blob/main/rules/integrations/okta/credential_access_okta_password_spray_single_source.toml),[Guide](/solutions/security/detect-and-alert/prebuilt-rule-guides/credential-access-okta-password-spray-single-source.md)
Potential OpenSSH Backdoor Logging Activity,"T1554, T1556",EQL,Low,[GitHub ↗](https://github.com/elastic/detection-rules/blob/main/rules/linux/credential_access_ssh_backdoor_log.toml),[Guide](/solutions/security/detect-and-alert/prebuilt-rule-guides/credential-access-ssh-backdoor-log.md)
Potential Password Spraying Attack via SSH,"T1110, T1110.001, T1110.003",ES|QL,Low,[GitHub ↗](https://github.com/elastic/detection-rules/blob/main/rules/linux/credential_access_potential_password_spraying_attack.toml),[Guide](/solutions/security/detect-and-alert/prebuilt-rule-guides/credential-access-potential-password-spraying-attack.md)
Potential Persistence via File Modification,"T1014, T1037, T1037.004, T1053, T1053.003, T1136, T1136.001, T1543, T1543.002, T1547, T1547.006, T1548, T1548.003, T1556, T1574, T1574.006",EQL,Low,[GitHub ↗](https://github.com/elastic/detection-rules/blob/main/rules/integrations/fim/persistence_suspicious_file_modifications.toml),[Guide](/solutions/security/detect-and-alert/prebuilt-rule-guides/persistence-suspicious-file-modifications.md)
Potential PowerShell Pass-the-Hash/Relay Script,"T1059, T1059.001, T1550, T1550.002, T1557",Custom Query,High,[GitHub ↗](https://github.com/elastic/detection-rules/blob/main/rules/windows/credential_access_posh_relay_tools.toml),[Guide](/solutions/security/detect-and-alert/prebuilt-rule-guides/credential-access-posh-relay-tools.md)
Potential Remote Credential Access via Registry,"T1003, T1003.002, T1021",EQL,High,[GitHub ↗](https://github.com/elastic/detection-rules/blob/main/rules/windows/credential_access_remote_sam_secretsdump.toml),[Guide](/solutions/security/detect-and-alert/prebuilt-rule-guides/credential-access-remote-sam-secretsdump.md)
Potential Secret Scanning via Gitleaks,"T1003, T1555",EQL,Medium,[GitHub ↗](https://github.com/elastic/detection-rules/blob/main/rules/cross-platform/credential_access_gitleaks_execution.toml),[Guide](/solutions/security/detect-and-alert/prebuilt-rule-guides/credential-access-gitleaks-execution.md)
Potential Shadow Credentials added to AD Object,T1556,Custom Query,High,[GitHub ↗](https://github.com/elastic/detection-rules/blob/main/rules/windows/credential_access_shadow_credentials.toml),[Guide](/solutions/security/detect-and-alert/prebuilt-rule-guides/credential-access-shadow-credentials.md)
Potential Shadow File Read via Command Line Utilities,"T1003, T1003.008, T1068",New Terms,Medium,[GitHub ↗](https://github.com/elastic/detection-rules/blob/main/rules/linux/privilege_escalation_shadow_file_read.toml),[Guide](/solutions/security/detect-and-alert/prebuilt-rule-guides/privilege-escalation-shadow-file-read.md)
Potential SSH Password Grabbing via strace,"T1554, T1556",EQL,Medium,[GitHub ↗](https://github.com/elastic/detection-rules/blob/main/rules/linux/credential_access_ssh_password_grabbing_via_strace.toml),[Guide](/solutions/security/detect-and-alert/prebuilt-rule-guides/credential-access-ssh-password-grabbing-via-strace.md)
Potential Successful SSH Brute Force Attack,"T1110, T1110.001, T1110.003",EQL,High,[GitHub ↗](https://github.com/elastic/detection-rules/blob/main/rules/linux/credential_access_potential_successful_linux_ssh_bruteforce.toml),[Guide](/solutions/security/detect-and-alert/prebuilt-rule-guides/credential-access-potential-successful-linux-ssh-bruteforce.md)
Potential Unauthorized Access via Wildcard Injection Detected,"T1003, T1003.008, T1068",EQL,Medium,[GitHub ↗](https://github.com/elastic/detection-rules/blob/main/rules/linux/privilege_escalation_chown_chmod_unauthorized_file_read.toml),[Guide](/solutions/security/detect-and-alert/prebuilt-rule-guides/privilege-escalation-chown-chmod-unauthorized-file-read.md)
Potential Veeam Credential Access Command,"T1003, T1059, T1059.001, T1555",EQL,Medium,[GitHub ↗](https://github.com/elastic/detection-rules/blob/main/rules/windows/credential_access_veeam_commands.toml),[Guide](/solutions/security/detect-and-alert/prebuilt-rule-guides/credential-access-veeam-commands.md)
Potential WPAD Spoofing via DNS Record Creation,T1557,EQL,Medium,[GitHub ↗](https://github.com/elastic/detection-rules/blob/main/rules/windows/credential_access_adidns_wpad_record.toml),[Guide](/solutions/security/detect-and-alert/prebuilt-rule-guides/credential-access-adidns-wpad-record.md)
Potentially Successful Okta MFA Bombing via Push Notifications,T1621,EQL,High,[GitHub ↗](https://github.com/elastic/detection-rules/blob/main/rules/integrations/okta/credential_access_okta_potentially_successful_okta_bombing_via_push_notifications.toml),[Guide](/solutions/security/detect-and-alert/prebuilt-rule-guides/credential-access-okta-potentially-successful-okta-bombing-via-push-notifications.md)
PowerShell Invoke-NinjaCopy script,"T1003, T1003.002, T1003.003, T1006, T1059, T1059.001",Custom Query,High,[GitHub ↗](https://github.com/elastic/detection-rules/blob/main/rules/windows/credential_access_posh_invoke_ninjacopy.toml),[Guide](/solutions/security/detect-and-alert/prebuilt-rule-guides/credential-access-posh-invoke-ninjacopy.md)
PowerShell Kerberos Ticket Dump,"T1003, T1059, T1059.001, T1558",Custom Query,High,[GitHub ↗](https://github.com/elastic/detection-rules/blob/main/rules/windows/credential_access_posh_kerb_ticket_dump.toml),[Guide](/solutions/security/detect-and-alert/prebuilt-rule-guides/credential-access-posh-kerb-ticket-dump.md)
PowerShell Kerberos Ticket Request,"T1003, T1059, T1059.001, T1558, T1558.003",Custom Query,High,[GitHub ↗](https://github.com/elastic/detection-rules/blob/main/rules/windows/credential_access_posh_request_ticket.toml),[Guide](/solutions/security/detect-and-alert/prebuilt-rule-guides/credential-access-posh-request-ticket.md)
PowerShell MiniDump Script,"T1003, T1003.001, T1059, T1059.001",Custom Query,High,[GitHub ↗](https://github.com/elastic/detection-rules/blob/main/rules/windows/credential_access_posh_minidump.toml),[Guide](/solutions/security/detect-and-alert/prebuilt-rule-guides/credential-access-posh-minidump.md)
PowerShell Script with Veeam Credential Access Capabilities,"T1003, T1059, T1059.001, T1555",Custom Query,Medium,[GitHub ↗](https://github.com/elastic/detection-rules/blob/main/rules/windows/credential_access_posh_veeam_sql.toml),[Guide](/solutions/security/detect-and-alert/prebuilt-rule-guides/credential-access-posh-veeam-sql.md)
Private Key Searching Activity,"T1552, T1552.001",EQL,High,[GitHub ↗](https://github.com/elastic/detection-rules/blob/main/rules/linux/discovery_private_key_password_searching_activity.toml),[Guide](/solutions/security/detect-and-alert/prebuilt-rule-guides/discovery-private-key-password-searching-activity.md)
Privileged Account Brute Force,"T1110, T1110.001, T1110.003",ES|QL,Medium,[GitHub ↗](https://github.com/elastic/detection-rules/blob/main/rules/windows/credential_access_bruteforce_admin_account.toml),[Guide](/solutions/security/detect-and-alert/prebuilt-rule-guides/credential-access-bruteforce-admin-account.md)
Prompt for Credentials with Osascript,"T1056, T1056.002",EQL,High,[GitHub ↗](https://github.com/elastic/detection-rules/blob/main/rules/macos/credential_access_promt_for_pwd_via_osascript.toml),[Guide](/solutions/security/detect-and-alert/prebuilt-rule-guides/credential-access-promt-for-pwd-via-osascript.md)
Rare Connection to WebDAV Target,T1187,ES|QL,Medium,[GitHub ↗](https://github.com/elastic/detection-rules/blob/main/rules/windows/credential_access_rare_webdav_destination.toml),[Guide](/solutions/security/detect-and-alert/prebuilt-rule-guides/credential-access-rare-webdav-destination.md)
Renaming of OpenSSH Binaries,"T1021, T1021.004, T1543, T1556, T1563, T1563.001",Custom Query,Low,[GitHub ↗](https://github.com/elastic/detection-rules/blob/main/rules/linux/persistence_credential_access_modify_ssh_binaries.toml),[Guide](/solutions/security/detect-and-alert/prebuilt-rule-guides/persistence-credential-access-modify-ssh-binaries.md)
Searching for Saved Credentials via VaultCmd,"T1003, T1555, T1555.004",EQL,Medium,[GitHub ↗](https://github.com/elastic/detection-rules/blob/main/rules/windows/credential_access_saved_creds_vaultcmd.toml),[Guide](/solutions/security/detect-and-alert/prebuilt-rule-guides/credential-access-saved-creds-vaultcmd.md)
Sensitive File Compression Detected via Defend for Containers,"T1552, T1552.001, T1560, T1560.001",EQL,Medium,[GitHub ↗](https://github.com/elastic/detection-rules/blob/main/rules/integrations/cloud_defend/credential_access_collection_sensitive_files_compression_inside_a_container.toml),[Guide](/solutions/security/detect-and-alert/prebuilt-rule-guides/credential-access-collection-sensitive-files-compression-inside-a-container.md)
Sensitive Files Compression,"T1552, T1552.001, T1560, T1560.001",New Terms,Medium,[GitHub ↗](https://github.com/elastic/detection-rules/blob/main/rules/linux/credential_access_collection_sensitive_files.toml),[Guide](/solutions/security/detect-and-alert/prebuilt-rule-guides/credential-access-collection-sensitive-files.md)
Sensitive Files Compression Inside A Container,"T1552, T1552.001, T1560, T1560.001",EQL,High,[GitHub ↗](https://github.com/elastic/detection-rules/blob/main/rules/linux/credential_access_collection_sensitive_files_compression_inside_container.toml),[Guide](/solutions/security/detect-and-alert/prebuilt-rule-guides/credential-access-collection-sensitive-files-compression-inside-container.md)
Sensitive Keys Or Passwords Search Detected via Defend for Containers,"T1552, T1552.001",EQL,Medium,[GitHub ↗](https://github.com/elastic/detection-rules/blob/main/rules/integrations/cloud_defend/credential_access_sensitive_keys_or_passwords_search_inside_a_container.toml),[Guide](/solutions/security/detect-and-alert/prebuilt-rule-guides/credential-access-sensitive-keys-or-passwords-search-inside-a-container.md)
Sensitive Keys Or Passwords Searched For Inside A Container,"T1552, T1552.001",EQL,Medium,[GitHub ↗](https://github.com/elastic/detection-rules/blob/main/rules/linux/credential_access_sensitive_keys_or_passwords_search_inside_container.toml),[Guide](/solutions/security/detect-and-alert/prebuilt-rule-guides/credential-access-sensitive-keys-or-passwords-search-inside-container.md)
Sensitive Privilege SeEnableDelegationPrivilege assigned to a User,"T1098, T1558",Custom Query,High,[GitHub ↗](https://github.com/elastic/detection-rules/blob/main/rules/windows/credential_access_seenabledelegationprivilege_assigned_to_user.toml),[Guide](/solutions/security/detect-and-alert/prebuilt-rule-guides/credential-access-seenabledelegationprivilege-assigned-to-user.md)
Sensitive Registry Hive Access via RegBack,"T1003, T1003.002, T1003.004",EQL,High,[GitHub ↗](https://github.com/elastic/detection-rules/blob/main/rules/windows/credential_access_regback_sam_security_hives.toml),[Guide](/solutions/security/detect-and-alert/prebuilt-rule-guides/credential-access-regback-sam-security-hives.md)
Service Creation via Local Kerberos Authentication,"T1543, T1543.003, T1558",EQL,High,[GitHub ↗](https://github.com/elastic/detection-rules/blob/main/rules/windows/privilege_escalation_krbrelayup_service_creation.toml),[Guide](/solutions/security/detect-and-alert/prebuilt-rule-guides/privilege-escalation-krbrelayup-service-creation.md)
Spike in Failed Logon Events,T1110,Machine Learning,Low,[GitHub ↗](https://github.com/elastic/detection-rules/blob/main/rules/ml/credential_access_ml_auth_spike_in_failed_logon_events.toml),[Guide](/solutions/security/detect-and-alert/prebuilt-rule-guides/credential-access-ml-auth-spike-in-failed-logon-events.md)
Spike in Logon Events,T1110,Machine Learning,Low,[GitHub ↗](https://github.com/elastic/detection-rules/blob/main/rules/ml/credential_access_ml_auth_spike_in_logon_events.toml),[Guide](/solutions/security/detect-and-alert/prebuilt-rule-guides/credential-access-ml-auth-spike-in-logon-events.md)
Spike in Successful Logon Events from a Source IP,"T1078, T1078.002, T1078.003, T1110",Machine Learning,Low,[GitHub ↗](https://github.com/elastic/detection-rules/blob/main/rules/ml/credential_access_ml_auth_spike_in_logon_events_from_a_source_ip.toml),[Guide](/solutions/security/detect-and-alert/prebuilt-rule-guides/credential-access-ml-auth-spike-in-logon-events-from-a-source-ip.md)
Suspicious /proc/maps Discovery,"T1003, T1003.007, T1057",EQL,High,[GitHub ↗](https://github.com/elastic/detection-rules/blob/main/rules/linux/discovery_proc_maps_read.toml),[Guide](/solutions/security/detect-and-alert/prebuilt-rule-guides/discovery-proc-maps-read.md)
Suspicious Kerberos Authentication Ticket Request,"T1550, T1550.003, T1558, T1558.003",EQL,High,[GitHub ↗](https://github.com/elastic/detection-rules/blob/main/rules/windows/lateral_movement_credential_access_kerberos_correlation.toml),[Guide](/solutions/security/detect-and-alert/prebuilt-rule-guides/lateral-movement-credential-access-kerberos-correlation.md)
Suspicious LSASS Access via MalSecLogon,"T1003, T1003.001",EQL,High,[GitHub ↗](https://github.com/elastic/detection-rules/blob/main/rules/windows/credential_access_lsass_handle_via_malseclogon.toml),[Guide](/solutions/security/detect-and-alert/prebuilt-rule-guides/credential-access-lsass-handle-via-malseclogon.md)
Suspicious Lsass Process Access,"T1003, T1003.001",EQL,Medium,[GitHub ↗](https://github.com/elastic/detection-rules/blob/main/rules/windows/credential_access_suspicious_lsass_access_generic.toml),[Guide](/solutions/security/detect-and-alert/prebuilt-rule-guides/credential-access-suspicious-lsass-access-generic.md)
Suspicious Module Loaded by LSASS,"T1003, T1003.001",EQL,Medium,[GitHub ↗](https://github.com/elastic/detection-rules/blob/main/rules/windows/credential_access_lsass_loaded_susp_dll.toml),[Guide](/solutions/security/detect-and-alert/prebuilt-rule-guides/credential-access-lsass-loaded-susp-dll.md)
Suspicious pbpaste High Volume Activity,T1056,EQL,Medium,[GitHub ↗](https://github.com/elastic/detection-rules/blob/main/rules/macos/credential_access_high_volume_of_pbpaste.toml),[Guide](/solutions/security/detect-and-alert/prebuilt-rule-guides/credential-access-high-volume-of-pbpaste.md)
Suspicious Remote Registry Access via SeBackupPrivilege,"T1003, T1003.002, T1003.004, T1021",EQL,Medium,[GitHub ↗](https://github.com/elastic/detection-rules/blob/main/rules/windows/credential_access_suspicious_winreg_access_via_sebackup_priv.toml),[Guide](/solutions/security/detect-and-alert/prebuilt-rule-guides/credential-access-suspicious-winreg-access-via-sebackup-priv.md)
Suspicious Symbolic Link Created,"T1003, T1003.008, T1548",EQL,Low,[GitHub ↗](https://github.com/elastic/detection-rules/blob/main/rules/linux/privilege_escalation_linux_suspicious_symbolic_link.toml),[Guide](/solutions/security/detect-and-alert/prebuilt-rule-guides/privilege-escalation-linux-suspicious-symbolic-link.md)
Suspicious Web Browser Sensitive File Access,"T1539, T1555, T1555.003",EQL,High,[GitHub ↗](https://github.com/elastic/detection-rules/blob/main/rules/macos/credential_access_suspicious_web_browser_sensitive_file_access.toml),[Guide](/solutions/security/detect-and-alert/prebuilt-rule-guides/credential-access-suspicious-web-browser-sensitive-file-access.md)
Symbolic Link to Shadow Copy Created,"T1003, T1003.002, T1003.003",EQL,Medium,[GitHub ↗](https://github.com/elastic/detection-rules/blob/main/rules/windows/credential_access_symbolic_link_to_shadow_copy_created.toml),[Guide](/solutions/security/detect-and-alert/prebuilt-rule-guides/credential-access-symbolic-link-to-shadow-copy-created.md)
SystemKey Access via Command Line,"T1555, T1555.001",EQL,High,[GitHub ↗](https://github.com/elastic/detection-rules/blob/main/rules/macos/credential_access_systemkey_dumping.toml),[Guide](/solutions/security/detect-and-alert/prebuilt-rule-guides/credential-access-systemkey-dumping.md)
Untrusted DLL Loaded by Azure AD Sync Service,T1003,EQL,High,[GitHub ↗](https://github.com/elastic/detection-rules/blob/main/rules/windows/credential_access_imageload_azureadconnectauthsvc.toml),[Guide](/solutions/security/detect-and-alert/prebuilt-rule-guides/credential-access-imageload-azureadconnectauthsvc.md)
Unusual Instance Metadata Service (IMDS) API Request,"T1552, T1552.005, T1580",EQL,Medium,[GitHub ↗](https://github.com/elastic/detection-rules/blob/main/rules/linux/credential_access_unusual_instance_metadata_service_api_request.toml),[Guide](/solutions/security/detect-and-alert/prebuilt-rule-guides/credential-access-unusual-instance-metadata-service-api-request.md)
Unusual Linux Process Calling the Metadata Service,"T1552, T1552.005",Machine Learning,Low,[GitHub ↗](https://github.com/elastic/detection-rules/blob/main/rules/ml/credential_access_ml_linux_anomalous_metadata_process.toml),[Guide](/solutions/security/detect-and-alert/prebuilt-rule-guides/credential-access-ml-linux-anomalous-metadata-process.md)
Unusual Linux User Calling the Metadata Service,"T1552, T1552.005",Machine Learning,Low,[GitHub ↗](https://github.com/elastic/detection-rules/blob/main/rules/ml/credential_access_ml_linux_anomalous_metadata_user.toml),[Guide](/solutions/security/detect-and-alert/prebuilt-rule-guides/credential-access-ml-linux-anomalous-metadata-user.md)
Unusual Login Activity,T1110,Machine Learning,Low,[GitHub ↗](https://github.com/elastic/detection-rules/blob/main/rules/ml/credential_access_ml_suspicious_login_activity.toml),[Guide](/solutions/security/detect-and-alert/prebuilt-rule-guides/credential-access-ml-suspicious-login-activity.md)
Unusual Web Config File Access,T1003,New Terms,High,[GitHub ↗](https://github.com/elastic/detection-rules/blob/main/rules/windows/credential_access_web_config_file_access.toml),[Guide](/solutions/security/detect-and-alert/prebuilt-rule-guides/credential-access-web-config-file-access.md)
Unusual Windows Process Calling the Metadata Service,"T1552, T1552.005",Machine Learning,Low,[GitHub ↗](https://github.com/elastic/detection-rules/blob/main/rules/ml/credential_access_ml_windows_anomalous_metadata_process.toml),[Guide](/solutions/security/detect-and-alert/prebuilt-rule-guides/credential-access-ml-windows-anomalous-metadata-process.md)
Unusual Windows User Calling the Metadata Service,"T1552, T1552.005",Machine Learning,Low,[GitHub ↗](https://github.com/elastic/detection-rules/blob/main/rules/ml/credential_access_ml_windows_anomalous_metadata_user.toml),[Guide](/solutions/security/detect-and-alert/prebuilt-rule-guides/credential-access-ml-windows-anomalous-metadata-user.md)
User account exposed to Kerberoasting,"T1558, T1558.003",Custom Query,Medium,[GitHub ↗](https://github.com/elastic/detection-rules/blob/main/rules/windows/credential_access_spn_attribute_modified.toml),[Guide](/solutions/security/detect-and-alert/prebuilt-rule-guides/credential-access-spn-attribute-modified.md)
Veeam Backup Library Loaded by Unusual Process,"T1003, T1059, T1059.001, T1555",EQL,Medium,[GitHub ↗](https://github.com/elastic/detection-rules/blob/main/rules/windows/credential_access_veeam_backup_dll_imageload.toml),[Guide](/solutions/security/detect-and-alert/prebuilt-rule-guides/credential-access-veeam-backup-dll-imageload.md)
Web Server Suspicious User Agent Requests,"T1110, T1595, T1595.001, T1595.002, T1595.003",ES|QL,Low,[GitHub ↗](https://github.com/elastic/detection-rules/blob/main/rules/cross-platform/reconnaissance_web_server_unusual_user_agents.toml),[Guide](/solutions/security/detect-and-alert/prebuilt-rule-guides/reconnaissance-web-server-unusual-user-agents.md)
WebProxy Settings Modification,T1539,EQL,Medium,[GitHub ↗](https://github.com/elastic/detection-rules/blob/main/rules/macos/credential_access_mitm_localhost_webproxy.toml),[Guide](/solutions/security/detect-and-alert/prebuilt-rule-guides/credential-access-mitm-localhost-webproxy.md)
Windows Registry File Creation in SMB Share,"T1003, T1003.002, T1021, T1021.002",EQL,Medium,[GitHub ↗](https://github.com/elastic/detection-rules/blob/main/rules/windows/credential_access_moving_registry_hive_via_smb.toml),[Guide](/solutions/security/detect-and-alert/prebuilt-rule-guides/credential-access-moving-registry-hive-via-smb.md)
Wireless Credential Dumping using Netsh Command,"T1003, T1082, T1555",EQL,High,[GitHub ↗](https://github.com/elastic/detection-rules/blob/main/rules/windows/credential_access_wireless_creds_dumping.toml),[Guide](/solutions/security/detect-and-alert/prebuilt-rule-guides/credential-access-wireless-creds-dumping.md)
